First of the Flock,first-of-the-flock.png
Full Flock,full-flock.png
Green Pastures,green-pastures.png
Quiet Waters,quiet-waters.png
He Restores My Soul,he-restores-my-soul.png
Paths of Righteousness,paths-of-righteousness.png
Valley of the Shadow,valley-of-the-shadow.png
Fear No Evil,fear-no-evil.png
Comfort of the Staff,comfort-of-the-staff.png
You Prepare a Table,you-prepare-a-table.png
The Gate,the-gate.png
We Shall All Be Changed,we-shall-all-be-changed.png
Entered the City,entered-the-city.png
First Bible Gem,first-bible-gem.png
Gem Collector,gem-collector.png
Bible Treasure Hunter,bible-treasure-hunter.png
Living Water,living-water.png
Under the Shade,under-the-shade.png
Well Done,well-done.png
